source,collected_at,forecast_time,temperature_c,precipitation_probability
open-meteo,2026-08-03T06:15:58.662386Z,2026-08-03T00:00:00,25.3,0
open-meteo,2026-08-03T06:15:58.662386Z,2026-08-03T01:00:00,24.9,0
open-meteo,2026-08-03T06:15:58.662386Z,2026-08-03T02:00:00,24.5,0
open-meteo,2026-08-03T06:15:58.662386Z,2026-08-03T03:00:00,24.2,0
open-meteo,2026-08-03T06:15:58.662386Z,2026-08-03T04:00:00,24.0,0
open-meteo,2026-08-03T06:15:58.662386Z,2026-08-03T05:00:00,23.7,0
open-meteo,2026-08-03T06:15:58.662386Z,2026-08-03T06:00:00,23.6,0
open-meteo,2026-08-03T06:15:58.662386Z,2026-08-03T07:00:00,24.2,0
open-meteo,2026-08-03T06:15:58.662386Z,2026-08-03T08:00:00,24.5,0
open-meteo,2026-08-03T06:15:58.662386Z,2026-08-03T09:00:00,25.3,0
open-meteo,2026-08-03T06:15:58.662386Z,2026-08-03T10:00:00,28.1,0
open-meteo,2026-08-03T06:15:58.662386Z,2026-08-03T11:00:00,30.8,0
open-meteo,2026-08-03T06:15:58.662386Z,2026-08-03T12:00:00,32.5,0
open-meteo,2026-08-03T06:15:58.662386Z,2026-08-03T13:00:00,33.6,2
open-meteo,2026-08-03T06:15:58.662386Z,2026-08-03T14:00:00,34.3,4
open-meteo,2026-08-03T06:15:58.662386Z,2026-08-03T15:00:00,34.5,6
open-meteo,2026-08-03T06:15:58.662386Z,2026-08-03T16:00:00,34.5,8
open-meteo,2026-08-03T06:15:58.662386Z,2026-08-03T17:00:00,34.0,10
open-meteo,2026-08-03T06:15:58.662386Z,2026-08-03T18:00:00,33.0,10
open-meteo,2026-08-03T06:15:58.662386Z,2026-08-03T19:00:00,31.6,7
open-meteo,2026-08-03T06:15:58.662386Z,2026-08-03T20:00:00,30.2,3
open-meteo,2026-08-03T06:15:58.662386Z,2026-08-03T21:00:00,29.3,0
open-meteo,2026-08-03T06:15:58.662386Z,2026-08-03T22:00:00,28.6,0
open-meteo,2026-08-03T06:15:58.662386Z,2026-08-03T23:00:00,28.1,0
open-meteo,2026-08-03T06:15:58.662386Z,2026-08-04T00:00:00,27.7,0
open-meteo,2026-08-03T06:15:58.662386Z,2026-08-04T01:00:00,27.4,0
open-meteo,2026-08-03T06:15:58.662386Z,2026-08-04T02:00:00,27.3,0
open-meteo,2026-08-03T06:15:58.662386Z,2026-08-04T03:00:00,27.4,0
open-meteo,2026-08-03T06:15:58.662386Z,2026-08-04T04:00:00,27.2,0
open-meteo,2026-08-03T06:15:58.662386Z,2026-08-04T05:00:00,27.0,0
open-meteo,2026-08-03T06:15:58.662386Z,2026-08-04T06:00:00,26.7,0
open-meteo,2026-08-03T06:15:58.662386Z,2026-08-04T07:00:00,26.9,0
open-meteo,2026-08-03T06:15:58.662386Z,2026-08-04T08:00:00,27.6,0
open-meteo,2026-08-03T06:15:58.662386Z,2026-08-04T09:00:00,28.9,0
open-meteo,2026-08-03T06:15:58.662386Z,2026-08-04T10:00:00,30.7,1
open-meteo,2026-08-03T06:15:58.662386Z,2026-08-04T11:00:00,32.1,2
open-meteo,2026-08-03T06:15:58.662386Z,2026-08-04T12:00:00,33.1,6
open-meteo,2026-08-03T06:15:58.662386Z,2026-08-04T13:00:00,34.0,14
open-meteo,2026-08-03T06:15:58.662386Z,2026-08-04T14:00:00,34.6,24
open-meteo,2026-08-03T06:15:58.662386Z,2026-08-04T15:00:00,35.0,37
open-meteo,2026-08-03T06:15:58.662386Z,2026-08-04T16:00:00,34.7,59
open-meteo,2026-08-03T06:15:58.662386Z,2026-08-04T17:00:00,34.5,83
open-meteo,2026-08-03T06:15:58.662386Z,2026-08-04T18:00:00,34.1,92
open-meteo,2026-08-03T06:15:58.662386Z,2026-08-04T19:00:00,33.0,73
open-meteo,2026-08-03T06:15:58.662386Z,2026-08-04T20:00:00,31.7,38
open-meteo,2026-08-03T06:15:58.662386Z,2026-08-04T21:00:00,30.7,12
open-meteo,2026-08-03T06:15:58.662386Z,2026-08-04T22:00:00,29.9,5
open-meteo,2026-08-03T06:15:58.662386Z,2026-08-04T23:00:00,29.1,6
open-meteo,2026-08-03T06:15:58.662386Z,2026-08-05T00:00:00,28.5,8
open-meteo,2026-08-03T06:15:58.662386Z,2026-08-05T01:00:00,27.9,10
open-meteo,2026-08-03T06:15:58.662386Z,2026-08-05T02:00:00,27.4,14
open-meteo,2026-08-03T06:15:58.662386Z,2026-08-05T03:00:00,26.9,16
open-meteo,2026-08-03T06:15:58.662386Z,2026-08-05T04:00:00,26.4,15
open-meteo,2026-08-03T06:15:58.662386Z,2026-08-05T05:00:00,26.0,13
open-meteo,2026-08-03T06:15:58.662386Z,2026-08-05T06:00:00,25.6,10
open-meteo,2026-08-03T06:15:58.662386Z,2026-08-05T07:00:00,25.9,7
open-meteo,2026-08-03T06:15:58.662386Z,2026-08-05T08:00:00,26.9,3
open-meteo,2026-08-03T06:15:58.662386Z,2026-08-05T09:00:00,28.3,0
open-meteo,2026-08-03T06:15:58.662386Z,2026-08-05T10:00:00,29.9,0
open-meteo,2026-08-03T06:15:58.662386Z,2026-08-05T11:00:00,31.2,1
open-meteo,2026-08-03T06:15:58.662386Z,2026-08-05T12:00:00,32.4,2
open-meteo,2026-08-03T06:15:58.662386Z,2026-08-05T13:00:00,33.2,3
open-meteo,2026-08-03T06:15:58.662386Z,2026-08-05T14:00:00,33.8,5
open-meteo,2026-08-03T06:15:58.662386Z,2026-08-05T15:00:00,34.4,6
open-meteo,2026-08-03T06:15:58.662386Z,2026-08-05T16:00:00,34.8,7
open-meteo,2026-08-03T06:15:58.662386Z,2026-08-05T17:00:00,34.9,7
open-meteo,2026-08-03T06:15:58.662386Z,2026-08-05T18:00:00,34.4,6
open-meteo,2026-08-03T06:15:58.662386Z,2026-08-05T19:00:00,32.8,4
open-meteo,2026-08-03T06:15:58.662386Z,2026-08-05T20:00:00,31.4,2
open-meteo,2026-08-03T06:15:58.662386Z,2026-08-05T21:00:00,30.3,0
open-meteo,2026-08-03T06:15:58.662386Z,2026-08-05T22:00:00,29.1,0
open-meteo,2026-08-03T06:15:58.662386Z,2026-08-05T23:00:00,28.1,1
