분할,모델,RMSE,MAE,R2
1,M1 비보정,2.563679547234772,1.9035874791312162,-0.0007095503861478392
1,M2 나이·성별 보정,2.5081905246868312,1.907430792404114,0.04214093655214313
1,M3 연령 상호작용,2.5059091513896954,1.9039939170388853,0.04388262264597409
2,M1 비보정,2.5583948009388053,1.8994717343370093,0.0012538507352179984
2,M2 나이·성별 보정,2.5280136250393066,1.9176124202040545,0.024833416303039257
2,M3 연령 상호작용,2.5249468528818038,1.9119083919713722,0.027197960321696524
3,M1 비보정,2.6326690622168623,1.9477877226011178,-5.1918162640607335e-05
3,M2 나이·성별 보정,2.5879869481947613,1.9484101394780462,0.03360611999102059
3,M3 연령 상호작용,2.5835531595734347,1.944718456967579,0.03691457237959317
4,M1 비보정,2.537749898313622,1.8653137685573493,0.0020252119624321052
4,M2 나이·성별 보정,2.5030078387690664,1.8815107875973582,0.029162929473615873
4,M3 연령 상호작용,2.5031103976363878,1.8797470609892286,0.029083369203267928
5,M1 비보정,2.5645831387019933,1.9128377509032273,0.0008595069483965379
5,M2 나이·성별 보정,2.5216709771907766,1.9245953305541692,0.03401621766733909
5,M3 연령 상호작용,2.5211261186248404,1.9229571553223372,0.03443361365716591
6,M1 비보정,2.565659607005818,1.9029368803066278,0.0009075599140626611
6,M2 나이·성별 보정,2.5286081630096287,1.9129046813983765,0.02955557300353928
6,M3 연령 상호작용,2.5259503508660632,1.9094544380091367,0.03159456306527131
7,M1 비보정,2.5993069095204557,1.9311798091703,0.0010222381005614567
7,M2 나이·성별 보정,2.5542874515408607,1.935892040191963,0.035326745886872124
7,M3 연령 상호작용,2.5503786543220226,1.9302609798231767,0.03827694398725556
8,M1 비보정,2.530252324006382,1.867317985011393,0.0009286046709054974
8,M2 나이·성별 보정,2.485031224870647,1.8786589268333649,0.03632063403885921
8,M3 연령 상호작용,2.4841068015609507,1.8771223034434588,0.03703747168973193
9,M1 비보정,2.5803165791182923,1.9151955274924322,0.0009456971962761296
9,M2 나이·성별 보정,2.554210683922333,1.937764077516037,0.021058943099643068
9,M3 연령 상호작용,2.5531089053498794,1.9344527111882437,0.02190330857102485
10,M1 비보정,2.5811452363588687,1.9116877604664815,0.00041856514865568073
10,M2 나이·성별 보정,2.5264292316837413,1.9138040877164164,0.04234832570578462
10,M3 연령 상호작용,2.5245379550642895,1.9107048755327305,0.04378157883252043
11,M1 비보정,2.6149071755076867,1.9396449334922417,0.000899524262469642
11,M2 나이·성별 보정,2.5785802385785797,1.9553496430319361,0.028466204938208506
11,M3 연령 상호작용,2.574381603855854,1.950140488925778,0.03162747524249265
12,M1 비보정,2.5733511973958985,1.900398958119028,0.0006669409477824129
12,M2 나이·성별 보정,2.5251746203671543,1.9097456416590124,0.037734389748338204
12,M3 연령 상호작용,2.525506658833314,1.906769824961486,0.037481314019612744
13,M1 비보정,2.5381892976947307,1.889572385513886,0.000911788221370724
13,M2 나이·성별 보정,2.4913009238364503,1.8954004966921785,0.037483472083568725
13,M3 연령 상호작용,2.488731898450619,1.891848992044598,0.0394675394707118
14,M1 비보정,2.540788960231005,1.8819734720247168,0.0006799886140907985
14,M2 나이·성별 보정,2.5066000332087066,1.8970650041838575,0.027392802868724808
14,M3 연령 상호작용,2.5035717593119378,1.89401659269303,0.029741435915189296
15,M1 비보정,2.5894368158482965,1.9171945985679377,0.0004969945316889435
15,M2 나이·성별 보정,2.5471135224066255,1.9230458633510665,0.03290292319942556
15,M3 연령 상호작용,2.5455094938300102,1.9205534351820939,0.03412058616463043
16,M1 비보정,2.551604239525484,1.8913626285920802,0.00045186976115263455
16,M2 나이·성별 보정,2.4984570809563436,1.8943072830952836,0.04165723643539565
16,M3 연령 상호작용,2.496481058574647,1.8915876653418302,0.04317253793968001
17,M1 비보정,2.554649360273071,1.8985598141658577,0.0007807945679291217
17,M2 나이·성별 보정,2.5134022140794228,1.9100506922375415,0.03278692023019514
17,M3 연령 상호작용,2.511095428958369,1.907001191511573,0.034561509955361114
18,M1 비보정,2.5932863846464564,1.9245479400041188,-0.0004001937054576299
18,M2 나이·성별 보정,2.5508737963333665,1.9329506568562163,0.03205484023740268
18,M3 연령 상호작용,2.5498341965652207,1.9294896109599842,0.032843644852554976
19,M1 비보정,2.5790175736056495,1.9020536801740051,0.001721547509005994
19,M2 나이·성별 보정,2.5396017176616295,1.913666869287861,0.03200231547578025
19,M3 연령 상호작용,2.5359660118069383,1.908629867967606,0.03477191171754879
20,M1 비보정,2.580329824928032,1.9147215435228937,-0.0011350844439717012
20,M2 나이·성별 보정,2.547507768144576,1.9297582281171557,0.024172010316986903
20,M3 연령 상호작용,2.544945714493448,1.926727588021942,0.026133822952529417
21,M1 비보정,2.5742981657645547,1.898506060888591,0.00019003191997524205
21,M2 나이·성별 보정,2.53547226879851,1.9142567644584791,0.030121130317938727
21,M3 연령 상호작용,2.5322314981226315,1.9089891418828056,0.032598890608744546
22,M1 비보정,2.5737332686461296,1.9125023351357626,0.0006737896993117554
22,M2 나이·성별 보정,2.540394705820799,1.9258003424368315,0.02639543061981453
22,M3 연령 상호작용,2.536819234255938,1.921417012645164,0.029134096163511813
23,M1 비보정,2.560001663259048,1.8973031167796235,0.001534368144329501
23,M2 나이·성별 보정,2.5131907527690176,1.907103242407923,0.037715408345842194
23,M3 연령 상호작용,2.5103208999806643,1.9032181034724105,0.039911849940441835
24,M1 비보정,2.5830244570671144,1.9234923668061572,0.00018817947302030014
24,M2 나이·성별 보정,2.5330217236815162,1.922942960679851,0.03852264672658956
24,M3 연령 상호작용,2.530898579673118,1.9196440973468716,0.04013376545086089
25,M1 비보정,2.5665712304011916,1.8970615231380767,0.0010873534673704333
25,M2 나이·성별 보정,2.526928843100542,1.9090462901877097,0.03170677522301146
25,M3 연령 상호작용,2.5272799192656485,1.9086431240989798,0.03143769895843285
