검증 항목,설정,학습 행,제거 행,변환 후 Feature 수,Accuracy,Precision,Recall,F1,ROC-AUC,PR-AUC,그룹 기준 F1 변화,그룹 기준 PR-AUC 변화
범주형 인코딩,수치형만,26048,0,6,0.8185168125287886,0.7125550660792952,0.41262755102040816,0.5226171243941842,0.8376743670167763,0.6644923832304475,0.0,0.0
범주형 인코딩,+ One-Hot,26048,0,105,0.855366190695532,0.7392966360856269,0.6167091836734694,0.672461752433936,0.9079819339262499,0.7733026230738703,0.14984462803975185,0.10881023984342286
수치형 스케일링,미적용,26048,0,105,0.7977890373099954,0.7088186356073212,0.27168367346938777,0.39280774550484093,0.6011079785807144,0.4749712262977159,0.0,0.0
수치형 스케일링,StandardScaler,26048,0,105,0.855366190695532,0.7392966360856269,0.6167091836734694,0.672461752433936,0.9079819339262499,0.7733026230738703,0.2796540069290951,0.29833139677615444
범주형 결측 처리,결측 3개 컬럼 제외,26048,0,42,0.8467680024566252,0.7283653846153846,0.579719387755102,0.6455965909090909,0.9003674346381627,0.7554144414914606,0.0,0.0
범주형 결측 처리,최빈값 대치,26048,0,105,0.855366190695532,0.7392966360856269,0.6167091836734694,0.672461752433936,0.9079819339262499,0.7733026230738703,0.026865161524845083,0.01788818158240968
범주형 결측 처리,Unknown 대치,26048,0,108,0.8561338860740059,0.7402894135567403,0.6198979591836735,0.6747657063519611,0.9099059037163906,0.7771859096777076,0.029169115442870153,0.02177146818624698
희소 범주,2건 미만 통합(기존),26048,0,105,0.855366190695532,0.7392966360856269,0.6167091836734694,0.672461752433936,0.9079819339262499,0.7733026230738703,0.0,0.0
희소 범주,1% 미만 통합(후보),26048,0,63,0.8558268079226163,0.7409961685823755,0.6167091836734694,0.6731639401322659,0.9087565258661604,0.7741537011574802,0.0007021876983298592,0.0008510780836098464
완전 중복,유지,26048,0,63,0.8558268079226163,0.7409961685823755,0.6167091836734694,0.6731639401322659,0.9087565258661604,0.7741537011574802,0.0,0.0
완전 중복,Train 중복 제거,26031,17,63,0.8556732688469215,0.74079754601227,0.6160714285714286,0.6727019498607242,0.9087469821093249,0.774132442583682,-0.00046199027154170125,-2.125857379819962e-05
