항목,적용 범위,수정 전 기존 설정,현재 설정,표시,유지·변경 이유,검증 결과·최종 판단
문자열·소득 라벨,전체 데이터 품질,공백·라벨 마침표 제거,동일,[기존 유지],공백 차이로 같은 범주가 분리되는 것을 막고 adult.data/test 라벨 형식을 통일,"공백 455,854개 정규화, ? 4,262개 결측 인식, 현재 파일 라벨 마침표 변경 0건; 성능 튜닝이 아닌 데이터 품질 처리라 유지"
결측치,소득 분류 + 공통 품질,전체 데이터 Unknown 대체 후 분할,먼저 분할 후 Train에서만 Unknown 대치,[기존 설정 개선],"Test 분포로 대치값을 결정하는 누수를 막고, 결측 행·변수를 버리지 않고 정보를 보존","결측 3개 컬럼 제외 대비 F1 0.6456→0.6748, PR-AUC 0.7554→0.7772; Unknown 대치를 채택"
StandardScaler,소득 분류 모델,모든 수치형 표준화,동일,[기존 유지],단위 차이가 큰 fnlwgt·자본 변수의 규모가 L2 로지스틱 회귀 계수와 최적화를 지배하지 않게 함,"미적용 대비 F1 0.3928→0.6725, PR-AUC 0.4750→0.7733; 두 지표가 크게 상승해 유지"
One-Hot,소득 분류 모델,One-Hot,One-Hot 유지,[기존 유지],직업·교육·혼인 상태는 순서가 없는 명목형이므로 임의 숫자 순서를 부여하지 않음,"수치형만 사용 대비 F1 0.5226→0.6725, PR-AUC 0.6645→0.7733; 범주형 정보의 기여가 커서 유지"
희소·미관측 범주,소득 분류 모델,"min_frequency=2, unknown=ignore",기존 설정 유지,[기존 유지·1% 제외],"Feature 수 감소는 그 자체가 목표가 아니며, 희소 범주 통합은 분산 감소 가능성과 유용한 소수 범주 정보 손실을 함께 비교해야 함","단일 Holdout은 Feature 105→63, F1 0.6725→0.6732, PR-AUC 0.7733→0.7742였으나 5×5 반복 CV의 1%−2건 평균은 F1 -0.0014, PR-AUC -0.0001; F1 우세 8/25 fold로 일관되지 않아 1%를 제외하고 기존 2건 유지"
중복,소득 분류 모델,전체 데이터 24행 제거 후 분할,기본 유지,[기존 설정 변경],개인 ID가 없어 같은 사람의 중복인지 서로 다른 사람의 동일 응답인지 판별할 수 없음,"Train 중복 17행 제거 시 F1 0.6732→0.6727, PR-AUC 0.7742→0.7741; 개선이 없어 유지"
Train/Test 분할,소득 분류 모델,결측·중복 처리 후 80:20,80:20 분할 후 Train에서만 fit,[기존 설정 개선],대치값·스케일·범주·IQR 경계에 Test 정보가 들어가는 데이터 누수를 차단,Holdout 성능을 공정하게 측정하기 위한 방법론 조건이므로 변경
모델·반복 상한,소득 분류 모델,LogisticRegression(max_iter=1000),동일,[기존 유지],"이진분류·희소 One-Hot에 맞는 해석 가능한 Baseline 모델을 고정하고, 1000은 미수렴 방지를 위한 반복 상한으로 둠","50회는 경고 1건·F1 0.6822; 100회는 실제 100회에 수렴, 1000 설정도 실제 147회·동일 성능. 1000번을 항상 도는 것이 아니라 여유 상한이라 유지"
IQR·도메인 검사,소득 분류 진단,없음,IQR 후보와 도메인 위반 분리,[신규 추가],IQR 밖의 희귀값을 실제 오류로 오판해 유효 응답을 삭제하지 않기 위함,"도메인 위반 0건, 근무시간 IQR 후보 27.7%; IQR만으로 삭제하지 않고 처리 후보를 성능 비교"
로그 변환,소득 분류 모델,없음,원본 유지 + log1p 3개 열,[소득 분류용·채택],0 집중·오른쪽 긴 꼬리를 압축하되 원본 정보는 보존,"왜도: capital-gain 12.080→3.114, capital-loss 4.594→4.291, fnlwgt 1.451→-0.850; Baseline 대비 F1 +0.0042, PR-AUC +0.0098; 소득 분류 모델에만 채택"
자본 파생변수,소득 분류 모델,없음,순자본·활동 여부·시간당 이익,[소득 분류용·채택],자본이익과 손실의 순효과·발생 여부·근무시간 대비 크기를 직접 표현,"직전 최적 조합 대비 F1 +0.0009, PR-AUC +0.0005; 소득 분류 모델에만 채택"
연령·근무시간 구간,소득 분류 모델,없음,연령대·주당시간 구간,[소득 분류용·채택],"소득과 생애주기·근무형태의 비선형 관계를 표현하기 위한 예측 feature이며, 결혼 경험별 평균 교육연수 가설의 검정변수는 아님","직전 최적 조합 대비 F1 +0.0053, PR-AUC +0.0125; 소득 분류 모델에만 채택"
상호작용,소득 분류 모델,없음,"교육×직업, 나이×근무시간 시험 후 제외",[신규 추가·제외],변수 결합 효과를 표현하려 했으나 두 핵심 지표가 모두 비하락해야 한다는 채택 규칙 적용,"직전 최적 조합 대비 F1 -0.0004, PR-AUC -0.0001; F1 하락으로 제외"
IQR clip/remove,소득 분류 모델,없음,"none 채택, clip/remove 제외",[신규 비교·제외],유효 극단값 손상과 표본 손실이 실제 예측 개선으로 보상되는지 확인,"clip ΔF1 -0.0023/ΔPR +0.0002, remove 7854행·ΔF1 -0.0036/ΔPR -0.0049; 모두 제외"
Target 로그,소득 분류 모델,없음,미적용,[적용 제외],소득 Target은 연속 금액이 아니라 0/1 이진 라벨이라 log1p가 의미와 모델 목적을 바꾸지 않음,적용 대상이 아니므로 성능 실험 없이 제외
