분할,설정,Feature 수,F1,PR-AUC
1,2건 미만 통합,107,0.6669009135628953,0.7731969642563192
1,1% 미만 통합,66,0.6643184219795703,0.7750497071173531
2,2건 미만 통합,108,0.6614785992217899,0.7671794487533117
2,1% 미만 통합,66,0.6628975265017668,0.7678920739035032
3,2건 미만 통합,108,0.6513599434828683,0.7578569856346935
3,1% 미만 통합,65,0.6466218606296428,0.7562333201035899
4,2건 미만 통합,108,0.6639089968976215,0.756935957602723
4,1% 미만 통합,66,0.6615969581749049,0.7568319161777864
5,2건 미만 통합,108,0.6710801393728223,0.7795757476786183
5,1% 미만 통합,66,0.6699266503667481,0.7790351234761033
6,2건 미만 통합,107,0.6566011235955056,0.7571200055257293
6,1% 미만 통합,66,0.6514084507042254,0.7562800706950485
7,2건 미만 통합,108,0.6580419580419581,0.7625607524012361
7,1% 미만 통합,66,0.6592100664103461,0.7629994045319077
8,2건 미만 통합,108,0.6575438596491228,0.7593993901185848
8,1% 미만 통합,66,0.6556338028169014,0.7602300261658974
9,2건 미만 통합,108,0.6788091068301226,0.7887233003864919
9,1% 미만 통합,66,0.6797202797202797,0.7881574427109891
10,2건 미만 통합,108,0.6608084358523726,0.7664962289620457
10,1% 미만 통합,66,0.6615168539325843,0.7671013556515304
11,2건 미만 통합,107,0.6722747984577637,0.7708035070764723
11,1% 미만 통합,66,0.6694648478488983,0.7710543168009031
12,2건 미만 통합,108,0.6474719101123596,0.7622245962435177
12,1% 미만 통합,66,0.6457966936334858,0.7625527283357165
13,2건 미만 통합,108,0.669909659485754,0.7707899170357415
13,1% 미만 통합,66,0.6729362591431557,0.7712605908353539
14,2건 미만 통합,108,0.6472036581076328,0.7546364959483887
14,1% 미만 통합,65,0.64726507713885,0.7548422921971872
15,2건 미만 통합,108,0.6694945210321669,0.7744962318885014
15,1% 미만 통합,66,0.6678482807515066,0.773571596543622
16,2건 미만 통합,108,0.6671314046706169,0.7748942259955867
16,1% 미만 통합,66,0.6657362177250523,0.7744032118933233
17,2건 미만 통합,108,0.6819464033850494,0.77472317121604
17,1% 미만 통합,66,0.6807610993657506,0.7762198262296058
18,2건 미만 통합,108,0.6414015016088667,0.7541370623629521
18,1% 미만 통합,66,0.64,0.7533276926299393
19,2건 미만 통합,108,0.6615438351379672,0.77312258949708
19,1% 미만 통합,66,0.6601398601398601,0.7721564355799166
20,2건 미만 통합,107,0.6615916955017301,0.759587736369153
20,1% 미만 통합,65,0.6585872576177285,0.7582932872889304
21,2건 미만 통합,108,0.6719503790489317,0.7670327373176441
21,1% 미만 통합,66,0.672182006204757,0.7670899124663183
22,2건 미만 통합,108,0.6608207646439845,0.7686081488939681
22,1% 미만 통합,66,0.6565905096660808,0.7673235724981489
23,2건 미만 통합,108,0.6486106225817798,0.7532274646680922
23,1% 미만 통합,67,0.6465214335910049,0.752859415087159
24,2건 미만 통합,107,0.6640953716690042,0.7720818610658657
24,1% 미만 통합,66,0.6605954465849387,0.7709891793306947
25,2건 미만 통합,108,0.6592777976403289,0.7743919336050885
25,1% 미만 통합,65,0.6600142551674982,0.7753284531337491
