컬럼,데이터 타입,결측치 수,결측률(%),고유값 수,예시 값
age,int64,0,0.0,73,"39, 50, 38, 53"
workclass,object,1836,5.638647461687294,8,"State-gov, Self-emp-not-inc, Private, Federal-gov"
fnlwgt,int64,0,0.0,21648,"77516, 83311, 215646, 234721"
education,object,0,0.0,16,"Bachelors, HS-grad, 11th, Masters"
education-num,int64,0,0.0,16,"13, 9, 7, 14"
marital-status,object,0,0.0,7,"Never-married, Married-civ-spouse, Divorced, Married-spouse-absent"
occupation,object,1843,5.660145572924664,14,"Adm-clerical, Exec-managerial, Handlers-cleaners, Prof-specialty"
relationship,object,0,0.0,6,"Not-in-family, Husband, Wife, Own-child"
race,object,0,0.0,5,"White, Black, Asian-Pac-Islander, Amer-Indian-Eskimo"
sex,object,0,0.0,2,"Male, Female"
capital-gain,int64,0,0.0,119,"2174, 0, 14084, 5178"
capital-loss,int64,0,0.0,92,"0, 2042, 1408, 1902"
hours-per-week,int64,0,0.0,94,"40, 13, 16, 45"
native-country,object,583,1.7904855501980899,41,"United-States, Cuba, Jamaica, India"
income,object,0,0.0,2,"<=50K, >50K"
