컬럼,타입,결측치 수,결측률(%),고유값 수,왜도,0 비율(%),IQR 이상치 수,IQR 이상치율(%)
age,int64,0,0.0,73,0.5533064993255898,0.0,113.0,0.43381449631449637
workclass,object,1506,5.781633906633907,8,,,,
fnlwgt,int64,0,0.0,18358,1.4333234873209537,0.0,782.0,3.0021498771498774
education,object,0,0.0,16,,,,
education-num,int64,0,0.0,16,-0.31873449246487207,0.0,948.0,3.6394348894348894
marital-status,object,0,0.0,7,,,,
occupation,object,1512,5.804668304668305,14,,,,
relationship,object,0,0.0,6,,,,
race,object,0,0.0,5,,,,
sex,object,0,0.0,2,,,,
capital-gain,int64,0,0.0,115,11.751133031925486,91.61547911547912,,
capital-loss,int64,0,0.0,91,4.574430556012889,95.33169533169533,,
hours-per-week,int64,0,0.0,92,0.2094103792324665,0.0,7224.0,27.733415233415233
native-country,object,468,1.7966830466830466,41,,,,
income,object,0,0.0,2,,,,
ever_married,int8,0,0.0,2,-0.7323417800479675,32.80866093366093,0.0,0.0
